time,open,high,low,close,tick_volume,spread,real_volume
1764172800,47.27,47.49,47.00,47.03,656,32,0
1764176400,47.03,47.29,46.94,47.09,1009,32,0
1764180000,47.09,47.61,47.09,47.56,785,32,0
1764183600,47.57,48.74,47.49,48.66,1017,32,0
1764187200,48.66,48.98,48.56,48.83,975,32,0
1764190800,48.83,48.86,48.61,48.73,752,32,0
1764194400,48.73,48.83,48.48,48.69,761,32,0
1764345600,50.41,50.45,49.76,50.01,687,32,0
1764349200,50.01,50.30,49.86,50.06,916,32,0
1764352800,50.06,50.07,49.25,49.27,996,32,0
1764356400,49.27,49.44,48.90,49.12,1013,32,0
1764604800,46.72,46.96,46.50,46.62,700,32,0
1764608400,46.62,46.65,45.39,45.86,1338,32,0
1764612000,45.86,46.27,45.50,45.79,1176,32,0
1764615600,45.79,46.17,45.72,46.01,962,32,0
1764619200,46.00,46.33,45.87,46.14,949,32,0
1764622800,46.14,46.20,45.81,46.05,960,32,0
1764626400,46.05,46.49,46.04,46.31,1020,32,0
1764691200,48.04,48.38,47.89,48.37,726,32,0
1764694800,48.37,49.40,48.37,49.23,1517,32,0
1764698400,49.25,49.44,48.88,49.18,1240,32,0
1764702000,49.18,49.86,49.17,49.57,1052,32,0
1764705600,49.57,49.97,49.54,49.83,954,32,0
1764709200,49.83,50.02,49.78,49.80,757,32,0
1764712800,49.81,49.83,49.19,49.34,887,32,0
1764777600,50.16,50.75,49.93,50.03,916,32,0
1764781200,50.06,50.40,49.81,50.06,1357,32,0
1764784800,50.05,50.26,49.73,49.98,1127,32,0
1764788400,49.98,50.43,49.96,50.37,952,32,0
1764792000,50.37,50.69,50.06,50.19,870,32,0
1764795600,50.16,50.45,50.14,50.41,769,32,0
1764799200,50.41,50.59,50.29,50.36,800,32,0
1764864000,50.27,50.27,49.73,49.79,716,32,0
1764867600,49.78,50.53,49.78,50.39,1215,32,0
1764871200,50.38,50.50,49.99,50.10,1049,32,0
1764874800,50.09,50.16,49.72,50.09,946,32,0
1764878400,50.09,50.17,49.82,49.94,862,32,0
1764882000,49.94,49.96,49.25,49.84,1180,32,0
1764885600,49.84,50.15,49.69,50.13,1028,32,0
1764950400,49.01,49.17,48.74,48.94,727,32,0
1764954000,48.93,49.56,48.92,49.02,1323,32,0
1764957600,49.02,49.04,47.76,48.13,1506,32,0
1764961200,48.13,48.52,48.04,48.43,1099,32,0
1764964800,48.42,48.69,48.19,48.20,993,32,0
1764968400,48.20,48.69,48.14,48.59,957,32,0
1764972000,48.59,48.65,48.34,48.40,702,32,0
1765209600,49.48,49.70,49.18,49.21,769,32,0
1765213200,49.21,49.29,48.55,48.73,1408,32,0
1765216800,48.73,49.02,48.57,48.74,1116,32,0
1765220400,48.74,48.95,48.57,48.90,999,32,0
1765224000,48.90,49.05,48.60,48.71,993,32,0
1765227600,48.70,48.97,48.67,48.81,907,32,0
1765231200,48.82,49.26,48.82,49.19,910,32,0
1765296000,48.90,49.08,48.76,48.95,701,32,0
1765299600,48.95,50.33,48.91,50.25,1554,32,0
1765303200,50.25,51.23,50.25,51.06,1418,32,0
1765306800,51.06,51.29,50.70,50.91,1129,32,0
1765310400,50.90,51.05,50.75,50.90,870,32,0
1765314000,50.90,51.04,50.75,50.83,796,32,0
1765317600,50.83,50.86,50.27,50.44,1067,32,0
1765382400,49.80,49.92,49.62,49.76,640,32,0
1765386000,49.76,49.94,49.61,49.90,1103,32,0
1765389600,49.90,50.16,49.77,49.94,973,32,0
1765393200,49.94,50.14,49.89,50.06,803,32,0
1765396800,50.05,50.42,49.85,50.10,943,32,0
1765400400,50.10,50.53,49.74,50.39,1751,32,0
1765404000,50.41,51.22,50.04,50.11,1593,32,0
1765468800,48.83,49.05,48.36,48.51,760,32,0
1765472400,48.51,49.08,48.39,48.69,1300,32,0
1765476000,48.69,48.85,48.39,48.60,1111,32,0
1765479600,48.59,48.90,48.54,48.74,851,32,0
1765483200,48.73,49.41,48.68,49.14,979,32,0
1765486800,49.15,49.60,49.07,49.21,996,32,0
1765490400,49.21,49.74,49.18,49.72,959,32,0
1765555200,49.91,50.22,49.80,50.09,698,32,0
1765558800,50.08,50.10,48.62,48.71,1497,32,0
1765562400,48.72,48.99,48.46,48.77,1492,32,0
1765566000,48.78,49.11,48.66,48.80,1176,32,0
1765569600,48.80,49.13,48.77,48.96,1062,32,0
1765573200,48.96,48.98,48.75,48.86,938,32,0
1765576800,48.86,48.95,48.68,48.87,847,32,0
1765814400,48.42,48.68,47.56,47.67,822,32,0
1765818000,47.68,47.75,46.89,47.12,1593,32,0
1765821600,47.12,47.23,46.60,46.77,1361,32,0
1765825200,46.76,46.83,46.33,46.43,1147,32,0
1765828800,46.43,46.70,46.10,46.65,1115,32,0
1765832400,46.65,46.86,46.48,46.62,1077,32,0
1765836000,46.62,46.64,46.32,46.45,977,32,0
1765900800,47.06,47.51,46.99,47.27,840,32,0
1765904400,47.28,47.69,47.03,47.62,1363,32,0
1765908000,47.62,47.67,47.32,47.41,1229,32,0
1765911600,47.41,47.55,47.15,47.16,833,32,0
1765915200,47.16,47.65,47.13,47.53,820,32,0
1765918800,47.53,47.54,47.25,47.42,782,32,0
1765922400,47.41,47.57,47.28,47.46,770,32,0
1765987200,47.48,48.56,47.22,48.56,847,32,0
1765990800,48.55,48.92,47.18,47.20,1771,32,0
1765994400,47.20,47.50,46.63,47.09,1601,32,0
1765998000,47.09,47.15,46.68,46.76,1163,32,0
1766001600,46.76,47.00,46.35,46.43,1072,32,0
1766005200,46.45,46.64,46.16,46.54,1115,32,0
1766008800,46.55,46.68,46.34,46.46,932,32,0
1766073600,47.92,48.25,47.49,47.84,897,32,0
1766077200,47.84,48.36,47.61,47.90,1398,32,0
1766080800,47.90,47.91,47.55,47.62,1085,32,0
1766084400,47.63,47.64,46.25,46.80,1558,32,0
1766088000,46.80,47.02,46.39,46.54,1062,32,0
1766091600,46.53,46.56,45.71,45.71,1329,32,0
1766095200,45.72,46.13,45.70,45.83,1270,32,0
1766160000,47.64,47.93,47.38,47.72,819,32,0
1766163600,47.72,48.41,47.46,47.61,1468,32,0
1766167200,47.61,48.11,47.55,47.62,1097,32,0
1766170800,47.62,47.82,47.02,47.05,1190,32,0
1766174400,47.05,47.34,47.00,47.15,838,32,0
1766178000,47.15,47.68,47.14,47.52,854,32,0
1766181600,47.52,47.83,47.39,47.62,902,32,0
1766419200,48.69,48.90,48.41,48.80,812,32,0
1766422800,48.80,48.95,48.28,48.57,1314,32,0
1766426400,48.57,48.80,48.46,48.48,918,32,0
1766430000,48.47,48.48,48.23,48.33,776,32,0
1766433600,48.33,48.46,48.23,48.23,626,32,0
1766437200,48.23,48.24,47.59,47.64,877,32,0
1766440800,47.64,47.88,47.56,47.81,838,32,0
1766505600,47.43,47.49,46.86,46.99,735,32,0
1766509200,46.99,47.39,46.91,47.31,989,32,0
1766512800,47.31,47.72,47.26,47.62,940,32,0
1766516400,47.61,47.78,47.17,47.18,819,32,0
1766520000,47.18,47.71,47.17,47.59,754,32,0
1766523600,47.60,47.64,47.42,47.48,574,32,0
1766527200,47.48,47.82,47.35,47.45,725,32,0
1766592000,47.19,47.23,46.76,47.07,681,32,0
1766595600,47.06,47.20,46.84,47.10,1023,32,0
1766599200,47.10,47.44,47.02,47.22,866,32,0
1766602800,47.22,47.38,47.19,47.24,651,32,0
1766606400,47.26,47.29,47.10,47.12,138,32,0
1766764800,48.16,48.21,47.25,47.26,780,32,0
1766768400,47.26,47.26,46.87,47.14,1209,32,0
1766772000,47.14,47.29,46.97,46.98,879,32,0
1766775600,46.98,47.32,46.97,47.24,670,32,0
1766779200,47.24,47.27,47.14,47.22,517,32,0
1766782800,47.22,47.38,47.19,47.34,402,32,0
1766786400,47.34,47.51,47.28,47.39,440,32,0
1767024000,47.38,47.72,47.21,47.28,735,32,0
1767027600,47.28,47.55,47.16,47.43,1012,32,0
1767031200,47.43,47.53,47.29,47.41,699,32,0
1767034800,47.41,47.54,47.24,47.53,585,32,0
1767038400,47.53,47.61,47.24,47.31,569,32,0
1767042000,47.32,47.44,47.22,47.25,478,32,0
1767045600,47.25,47.40,47.09,47.16,546,32,0
1767110400,47.70,48.18,47.54,48.10,685,32,0
1767114000,48.09,48.26,47.73,48.18,1128,32,0
1767117600,48.21,48.42,47.93,48.03,980,32,0
1767121200,48.03,48.13,47.70,47.83,684,32,0
1767124800,47.83,47.90,47.68,47.79,545,32,0
1767128400,47.79,47.86,47.60,47.74,619,32,0
1767132000,47.74,47.75,47.53,47.57,454,32,0
1767196800,48.15,48.15,47.75,47.88,619,32,0
1767200400,47.87,47.88,47.47,47.55,1002,32,0
1767204000,47.56,47.61,47.26,47.40,895,32,0
1767207600,47.40,47.45,47.30,47.36,611,32,0
1767211200,47.36,47.58,47.33,47.55,305,32,0
1767369600,48.11,48.83,47.89,48.53,839,32,0
1767373200,48.51,48.70,48.05,48.42,1395,32,0
1767376800,48.42,49.22,48.29,48.97,1287,32,0
1767380400,48.97,49.31,48.86,48.97,1088,32,0
1767384000,48.98,49.10,48.50,48.63,906,32,0
1767387600,48.63,48.84,48.56,48.70,900,32,0
1767391200,48.71,48.81,48.54,48.64,729,32,0
1767628800,50.23,50.75,50.03,50.61,818,32,0
1767632400,50.61,50.95,50.47,50.93,1197,32,0
1767636000,50.92,50.99,50.71,50.78,924,32,0
1767639600,50.79,51.19,50.52,51.13,884,32,0
1767643200,51.14,51.23,50.88,51.19,780,32,0
1767646800,51.19,51.22,50.99,51.09,666,32,0
1767650400,51.09,51.37,50.95,51.03,785,32,0
1767715200,51.09,51.13,50.64,50.83,727,32,0
1767718800,50.82,51.11,50.53,50.72,1196,32,0
1767722400,50.72,50.80,49.97,50.17,1080,32,0
1767726000,50.17,50.23,49.54,49.56,1052,32,0
1767729600,49.56,49.92,49.39,49.80,954,32,0
1767733200,49.81,49.97,49.72,49.85,624,32,0
1767736800,49.85,50.19,49.85,50.09,579,32,0
1767801600,49.52,49.87,49.43,49.78,665,32,0
1767805200,49.73,49.78,49.24,49.41,1267,32,0
1767808800,49.41,49.67,49.30,49.36,888,32,0
1767812400,49.36,49.60,49.23,49.34,707,32,0
1767816000,49.34,49.47,49.08,49.16,724,32,0
1767819600,49.15,49.37,49.05,49.31,694,32,0
1767823200,49.31,49.38,49.10,49.24,634,32,0
1767888000,48.45,48.77,48.30,48.68,772,32,0
1767891600,48.68,49.15,48.55,49.13,1191,32,0
1767895200,49.12,49.21,48.84,49.20,933,32,0
1767898800,49.22,49.49,49.15,49.44,862,32,0
1767902400,49.44,49.50,49.20,49.31,714,32,0
1767906000,49.31,49.43,49.12,49.20,582,32,0
1767909600,49.20,49.24,49.00,49.20,673,32,0
1767974400,49.00,49.06,48.65,48.75,729,32,0
1767978000,48.75,49.81,48.59,49.33,1420,32,0
1767981600,49.34,49.68,49.32,49.59,1095,32,0
1767985200,49.59,49.61,49.23,49.46,835,32,0
1767988800,49.46,49.52,48.87,49.13,825,32,0
1767992400,49.13,49.14,48.78,48.86,687,32,0
1767996000,48.85,49.02,48.80,48.85,607,32,0
1768233600,48.82,49.31,48.77,49.17,748,32,0
1768237200,49.17,49.62,49.06,49.62,1150,32,0
1768240800,49.61,49.99,49.58,49.88,904,32,0
1768244400,49.88,49.99,49.28,49.53,876,32,0
1768248000,49.53,49.78,49.47,49.63,701,32,0
1768251600,49.63,49.75,49.48,49.74,529,32,0
1768255200,49.74,49.84,49.47,49.52,538,32,0
1768320000,50.02,50.32,49.97,50.04,767,32,0
1768323600,50.04,50.64,49.85,50.64,1213,32,0
1768327200,50.64,50.81,50.41,50.61,944,32,0
1768330800,50.61,50.67,50.42,50.51,820,32,0
1768334400,50.51,50.85,50.48,50.72,815,32,0
1768338000,50.73,51.08,50.62,51.07,779,32,0
1768341600,51.07,51.22,51.00,51.17,771,32,0
1768406400,51.79,52.48,51.65,52.27,760,32,0
1768410000,52.28,52.63,52.11,52.44,1289,32,0
1768413600,52.44,52.95,52.43,52.73,1087,32,0
1768417200,52.72,53.02,52.48,52.55,996,32,0
1768420800,52.55,52.65,52.17,52.47,979,32,0
1768424400,52.46,52.92,52.40,52.71,845,32,0
1768428000,52.71,53.08,52.66,52.93,999,32,0
1768492800,52.42,52.49,51.76,52.01,775,32,0
1768496400,52.01,52.39,51.67,52.39,1335,32,0
1768500000,52.37,52.48,52.12,52.38,1063,32,0
1768503600,52.39,52.56,52.21,52.31,820,32,0
1768507200,52.31,52.32,51.84,51.90,737,32,0
1768510800,51.90,51.95,51.55,51.70,927,32,0
1768514400,51.70,51.79,51.49,51.56,676,32,0
1768579200,51.87,51.91,51.53,51.53,656,32,0
1768582800,51.54,51.82,51.03,51.19,1322,32,0
1768586400,51.19,51.44,51.14,51.35,913,32,0
1768590000,51.35,51.51,51.17,51.48,622,32,0
1768593600,51.48,51.56,51.40,51.42,599,32,0
1768597200,51.42,51.46,51.32,51.43,470,32,0
1768600800,51.43,51.75,51.24,51.75,570,32,0
1768924800,49.20,49.42,48.80,48.95,824,32,0
1768928400,48.95,49.10,48.58,49.04,1295,32,0
1768932000,49.04,49.20,48.67,48.74,916,32,0
1768935600,48.75,48.95,48.35,48.52,973,32,0
1768939200,48.53,48.62,48.31,48.36,761,32,0
1768942800,48.37,48.54,48.26,48.49,816,32,0
1768946400,48.49,48.56,48.31,48.47,785,32,0
1769011200,48.45,48.69,48.32,48.57,889,32,0
1769014800,48.57,48.98,48.53,48.84,1243,32,0
1769018400,48.84,48.89,47.35,47.36,1284,32,0
1769022000,47.35,47.66,47.18,47.54,1427,32,0
1769025600,47.54,47.94,47.35,47.84,1147,32,0
1769029200,47.85,48.93,47.73,48.87,1366,32,0
1769032800,48.88,48.89,48.38,48.77,1079,32,0
1769097600,48.43,48.54,48.15,48.18,742,32,0
1769101200,48.18,48.38,47.87,48.12,1343,32,0
1769104800,48.13,48.28,47.95,48.14,1045,32,0
1769108400,48.14,48.48,48.13,48.43,949,32,0
1769112000,48.43,48.58,48.29,48.31,774,32,0
1769115600,48.31,48.65,48.18,48.56,721,32,0
1769119200,48.56,48.67,48.34,48.36,676,32,0
1769184000,48.51,48.53,47.94,48.12,727,32,0
1769187600,48.12,48.62,47.88,48.54,1189,32,0
1769191200,48.54,48.97,48.39,48.76,1124,32,0
1769194800,48.76,49.36,48.67,49.01,985,32,0
1769198400,49.02,49.27,48.94,48.97,857,32,0
1769202000,48.97,48.98,48.47,48.67,988,32,0
1769205600,48.67,48.78,48.26,48.42,927,32,0
1769443200,47.41,47.89,47.30,47.71,670,32,0
1769446800,47.70,48.08,47.24,47.42,1222,32,0
1769450400,47.42,47.59,47.17,47.39,990,32,0
1769454000,47.40,47.49,47.09,47.43,627,32,0
1769457600,47.43,47.84,47.41,47.83,675,32,0
1769461200,47.83,47.91,47.56,47.60,565,32,0
1769464800,47.60,47.67,47.33,47.38,440,32,0
1769529600,47.72,47.77,47.38,47.42,604,32,0
1769533200,47.42,47.68,47.33,47.59,1002,32,0
1769536800,47.59,48.04,47.58,47.93,909,32,0
1769540400,47.93,47.97,47.20,47.33,994,32,0
1769544000,47.33,47.86,47.27,47.73,847,32,0
1769547600,47.73,47.89,47.60,47.81,619,32,0
1769551200,47.81,48.40,47.79,48.36,882,32,0
1769616000,48.66,48.76,48.37,48.46,683,32,0
1769619600,48.46,48.61,48.08,48.40,1077,32,0
1769623200,48.41,48.59,48.26,48.47,866,32,0
1769626800,48.47,49.00,48.28,48.76,858,32,0
1769630400,48.76,48.76,48.31,48.36,791,32,0
1769634000,48.36,48.52,48.13,48.35,1270,32,0
1769637600,48.35,48.61,48.12,48.21,803,32,0
1769702400,47.47,47.54,47.01,47.01,598,32,0
1769706000,47.02,47.03,45.57,45.88,1579,32,0
1769709600,45.86,46.12,45.52,46.05,1310,32,0
1769713200,46.05,46.24,45.40,45.49,1069,32,0
1769716800,45.50,45.70,45.05,45.06,1150,32,0
1769720400,45.06,45.50,45.02,45.34,901,32,0
1769724000,45.35,45.58,45.26,45.50,633,32,0
1769788800,44.83,45.28,44.73,44.92,791,32,0
1769792400,44.92,45.20,44.52,44.78,1416,32,0
1769796000,44.78,45.14,44.61,44.95,1250,32,0
1769799600,44.95,45.14,44.66,44.84,1203,32,0
1769803200,44.83,45.52,44.27,45.37,1398,32,0
1769806800,45.37,45.77,45.37,45.53,1264,32,0
1769810400,45.54,45.57,45.16,45.39,1322,32,0
1770048000,42.22,42.70,42.05,42.09,879,32,0
1770051600,42.09,42.95,41.96,42.69,1544,32,0
1770055200,42.70,42.93,42.52,42.55,1191,32,0
1770058800,42.55,42.89,42.53,42.76,1002,32,0
1770062400,42.76,42.76,42.40,42.51,874,32,0
1770066000,42.51,42.59,42.35,42.39,762,32,0
1770069600,42.38,42.58,42.14,42.19,886,32,0
1770134400,42.41,42.42,41.72,41.73,809,32,0
1770138000,41.73,42.30,41.66,42.25,1520,32,0
1770141600,42.25,42.25,41.34,41.34,1302,32,0
1770145200,41.34,41.36,40.45,40.46,1201,32,0
1770148800,40.47,40.70,39.51,39.51,1338,32,0
1770152400,39.51,40.66,39.42,40.49,1508,32,0
1770156000,40.48,41.46,40.30,41.35,1351,32,0
1770220800,40.67,40.91,40.09,40.13,878,32,0
1770224400,40.12,40.69,39.86,40.03,1730,32,0
1770228000,40.04,40.09,39.45,39.75,1544,32,0
1770231600,39.75,39.87,38.96,39.15,1600,32,0
1770235200,39.15,40.00,38.99,39.62,1576,32,0
1770238800,39.63,39.97,39.42,39.91,1314,32,0
1770242400,39.91,40.02,39.62,39.67,941,32,0
1770307200,37.86,38.28,37.41,37.45,969,32,0
1770310800,37.45,37.58,36.01,36.43,1895,32,0
1770314400,36.43,37.07,36.13,36.87,1720,32,0
1770318000,36.87,36.91,35.70,35.71,1733,32,0
1770321600,35.71,35.92,35.27,35.82,1572,32,0
1770325200,35.82,35.95,35.19,35.22,1455,32,0
1770328800,35.22,35.45,33.69,34.42,1780,32,0
1770393600,36.27,37.13,36.25,36.87,848,32,0
1770397200,36.88,37.44,36.67,37.15,1570,32,0
1770400800,37.13,37.99,37.03,37.86,1278,32,0
1770404400,37.85,38.68,37.66,38.29,1306,32,0
1770408000,38.29,38.32,37.52,37.75,1295,32,0
1770411600,37.75,38.37,37.68,38.26,1009,32,0
1770415200,38.26,38.39,37.87,37.90,1050,32,0
1770652800,37.29,37.69,37.02,37.46,877,32,0
1770656400,37.47,37.78,37.21,37.62,1330,32,0
1770660000,37.61,38.07,37.35,37.90,1236,32,0
1770663600,37.90,38.36,37.78,38.17,1180,32,0
1770667200,38.17,38.40,37.89,38.07,1167,32,0
1770670800,38.07,38.44,37.98,38.38,853,32,0
1770674400,38.36,38.48,38.13,38.28,845,32,0
1770739200,37.40,37.53,36.71,36.98,855,32,0
1770742800,36.99,37.58,36.89,37.46,1472,32,0
1770746400,37.46,37.74,37.26,37.58,1112,32,0
1770750000,37.58,37.85,37.47,37.81,896,32,0
1770753600,37.81,37.82,37.10,37.25,1022,32,0
1770757200,37.25,37.47,37.14,37.34,849,32,0
1770760800,37.34,37.38,37.10,37.17,759,32,0
1770825600,36.76,36.90,35.91,35.99,884,32,0
1770829200,35.97,36.11,35.53,35.95,1665,32,0
1770832800,35.94,36.33,35.64,35.68,1316,32,0
1770836400,35.68,36.16,35.60,35.94,1203,32,0
1770840000,35.94,36.38,35.73,36.36,1079,32,0
1770843600,36.36,36.68,36.27,36.53,969,32,0
1770847200,36.53,36.63,36.30,36.54,775,32,0
1770912000,36.73,36.92,36.48,36.54,775,32,0
1770915600,36.53,36.77,36.23,36.27,1345,32,0
1770919200,36.27,36.34,35.42,35.58,1526,32,0
1770922800,35.58,35.80,35.30,35.33,1254,32,0
1770926400,35.33,35.54,35.17,35.43,1183,32,0
1770930000,35.43,35.73,35.25,35.54,927,32,0
1770933600,35.54,35.67,35.22,35.33,907,32,0
1770998400,36.38,36.78,36.14,36.62,853,32,0
1771002000,36.63,37.47,36.60,37.14,1517,32,0
1771005600,37.13,37.55,37.06,37.28,1167,32,0
1771009200,37.28,37.44,37.11,37.33,976,32,0
1771012800,37.33,37.53,37.25,37.38,848,32,0
1771016400,37.38,37.44,37.26,37.28,697,32,0
1771020000,37.26,37.29,37.13,37.20,767,32,0
1771344000,36.77,36.90,36.05,36.12,781,32,0
1771347600,36.13,36.43,36.00,36.42,1224,32,0
1771351200,36.42,36.84,36.38,36.49,1122,32,0
1771354800,36.48,36.60,36.14,36.33,997,32,0
1771358400,36.33,36.86,36.26,36.80,843,32,0
1771362000,36.80,36.88,36.60,36.63,727,32,0
1771365600,36.63,36.71,36.46,36.64,649,32,0
1771430400,36.25,36.39,36.05,36.33,712,32,0
1771434000,36.33,36.95,36.31,36.59,987,32,0
1771437600,36.59,36.60,36.20,36.28,910,32,0
1771441200,36.29,36.48,36.24,36.31,570,32,0
1771444800,36.32,36.35,35.79,35.87,730,32,0
1771448400,35.86,36.00,35.59,35.75,977,32,0
1771452000,35.77,35.97,35.74,35.80,658,32,0
1771516800,35.65,36.04,35.47,35.90,688,32,0
1771520400,35.90,36.07,35.65,35.88,1074,32,0
1771524000,35.89,35.95,35.60,35.82,889,32,0
1771527600,35.83,36.25,35.76,35.86,893,32,0
1771531200,35.86,36.25,35.80,36.23,793,32,0
1771534800,36.23,36.33,36.05,36.24,729,32,0
1771538400,36.24,36.32,36.12,36.28,529,32,0
1771603200,36.22,36.40,36.15,36.26,661,32,0
1771606800,36.27,36.81,35.98,36.54,1430,32,0
1771610400,36.55,36.73,36.38,36.66,1038,32,0
1771614000,36.66,36.66,36.19,36.56,1084,32,0
1771617600,36.57,36.79,36.47,36.74,971,32,0
1771621200,36.74,36.79,36.54,36.58,619,32,0
1771624800,36.58,36.69,36.53,36.63,432,32,0
1771862400,35.73,35.81,35.43,35.63,707,32,0
1771866000,35.63,35.81,35.44,35.48,980,32,0
1771869600,35.48,35.52,35.22,35.33,892,32,0
1771873200,35.33,35.38,34.68,35.02,912,32,0
1771876800,35.03,35.23,34.90,34.93,768,32,0
1771880400,34.93,35.04,34.65,34.75,701,32,0
1771884000,34.75,34.86,34.53,34.85,682,32,0
1771948800,34.04,34.52,33.95,34.31,752,32,0
1771952400,34.31,34.63,34.22,34.59,1126,32,0
1771956000,34.59,34.84,34.45,34.75,959,32,0
1771959600,34.75,34.88,34.63,34.74,735,32,0
1771963200,34.74,34.88,34.57,34.84,634,32,0
1771966800,34.85,35.00,34.73,34.84,641,32,0
1771970400,34.84,34.93,34.77,34.86,442,32,0
1772035200,36.00,36.25,35.80,36.24,651,32,0
1772038800,36.23,36.57,36.09,36.48,1145,32,0
1772042400,36.48,36.96,36.47,36.95,921,32,0
1772046000,36.95,37.28,36.81,37.16,1023,32,0
1772049600,37.15,37.63,37.00,37.52,949,32,0
1772053200,37.52,37.56,37.22,37.35,792,32,0
1772056800,37.36,37.54,37.14,37.43,691,32,0
1772121600,36.83,36.91,36.38,36.62,803,32,0
1772125200,36.61,36.64,36.11,36.44,1366,32,0
1772128800,36.45,36.53,35.96,36.04,1163,32,0
1772132400,36.04,36.26,36.02,36.15,901,32,0
1772136000,36.14,36.44,36.01,36.41,826,32,0
1772139600,36.41,36.70,36.40,36.55,748,32,0
1772143200,36.54,36.69,36.40,36.47,562,32,0
1772208000,35.75,35.88,35.53,35.64,665,32,0
1772211600,35.64,35.87,35.61,35.75,999,32,0
1772215200,35.75,35.76,35.40,35.41,863,32,0
1772218800,35.41,35.55,35.20,35.53,901,32,0
1772222400,35.54,35.57,35.26,35.32,730,32,0
1772226000,35.31,35.40,35.23,35.36,565,32,0
1772229600,35.36,35.52,35.35,35.47,572,32,0
1772467200,35.45,36.35,35.45,36.33,894,32,0
1772470800,36.35,37.67,36.23,37.42,1541,32,0
1772474400,37.43,37.93,37.30,37.58,1297,32,0
1772478000,37.58,37.66,37.23,37.44,956,32,0
1772481600,37.44,37.49,37.20,37.28,803,32,0
1772485200,37.29,37.37,37.10,37.32,696,32,0
1772488800,37.32,37.61,37.11,37.39,918,32,0
1772553600,36.28,36.54,35.78,35.98,862,32,0
1772557200,35.98,36.67,35.92,36.62,1502,32,0
1772560800,36.62,37.32,36.49,36.87,1511,32,0
1772564400,36.88,36.99,36.57,36.95,1198,32,0
1772568000,36.94,37.27,36.76,37.11,1019,32,0
1772571600,37.11,37.25,36.95,37.00,1039,32,0
1772575200,37.00,37.08,36.81,36.89,916,32,0
1772640000,38.81,39.29,38.60,38.76,883,32,0
1772643600,38.79,39.79,38.76,39.74,1472,32,0
1772647200,39.74,39.80,39.26,39.70,1275,32,0
1772650800,39.69,39.94,39.51,39.63,1114,32,0
1772654400,39.63,39.89,39.48,39.89,825,32,0
1772658000,39.89,40.08,39.80,39.85,984,32,0
1772661600,39.85,39.90,39.55,39.56,767,32,0
1772726400,39.24,39.40,38.94,39.28,828,32,0
1772730000,39.29,39.37,38.49,38.77,1379,32,0
1772733600,38.77,38.77,38.29,38.57,1098,32,0
1772737200,38.57,38.72,38.19,38.24,1101,32,0
1772740800,38.22,38.44,38.20,38.39,956,32,0
1772744400,38.39,38.62,38.31,38.35,854,32,0
1772748000,38.35,38.60,38.30,38.54,869,32,0
1772812800,37.29,37.35,36.85,36.97,837,32,0
1772816400,36.98,37.37,36.93,37.03,1248,32,0
1772820000,37.03,37.20,36.88,37.00,1081,32,0
1772823600,36.99,37.12,36.61,36.73,987,32,0
1772827200,36.73,37.03,36.73,36.86,879,32,0
1772830800,36.85,37.02,36.75,36.82,732,32,0
1772834400,36.82,36.92,36.63,36.84,803,32,0
1773068400,37.19,37.49,37.18,37.31,719,32,0
1773072000,37.31,37.58,37.18,37.41,1263,32,0
1773075600,37.41,37.47,37.19,37.26,880,32,0
1773079200,37.25,37.46,37.12,37.30,891,32,0
1773082800,37.31,37.37,36.92,37.11,864,32,0
1773086400,37.10,37.16,36.90,36.97,646,32,0
1773090000,36.98,37.60,36.97,37.35,1101,32,0
1773154800,38.33,38.36,37.70,37.81,726,32,0
1773158400,37.81,38.71,37.48,38.69,1300,32,0
1773162000,38.68,38.85,38.37,38.61,1185,32,0
1773165600,38.61,38.80,38.39,38.57,940,32,0
1773169200,38.57,38.68,38.16,38.35,887,32,0
1773172800,38.35,38.37,37.81,37.87,1208,32,0
1773176400,37.87,38.02,37.72,37.90,914,32,0
1773241200,37.99,38.47,37.75,37.96,732,32,0
1773244800,37.96,38.42,37.84,38.18,1331,32,0
1773248400,38.19,38.23,37.71,37.99,1153,32,0
1773252000,38.00,38.33,37.96,38.19,978,32,0
1773255600,38.19,38.60,38.15,38.30,1042,32,0
1773259200,38.30,38.37,38.10,38.21,870,32,0
1773262800,38.21,38.27,38.07,38.21,576,32,0
1773327600,37.91,38.12,37.69,37.85,633,32,0
1773331200,37.85,38.23,37.50,37.63,1210,32,0
1773334800,37.63,38.18,37.57,38.04,1154,32,0
1773338400,38.05,38.18,37.81,38.07,1062,32,0
1773342000,38.07,38.18,37.90,37.98,889,32,0
1773345600,37.98,38.03,37.75,37.76,780,32,0
1773349200,37.76,38.16,37.73,38.10,675,32,0
1773414000,39.53,39.85,39.39,39.73,619,32,0
1773417600,39.76,40.03,39.17,39.17,1226,32,0
1773421200,39.19,39.42,38.82,38.86,1133,32,0
1773424800,38.86,39.03,38.49,38.90,1035,32,0
1773428400,38.90,39.11,38.36,38.43,921,32,0
1773432000,38.43,38.62,38.33,38.43,694,32,0
1773435600,38.44,38.58,38.41,38.50,609,32,0
1773673200,39.98,40.34,39.96,40.12,631,32,0
1773676800,40.12,40.30,39.49,39.81,1146,32,0
1773680400,39.81,40.08,39.60,39.65,838,32,0
1773684000,39.65,39.99,39.58,39.91,769,32,0
1773687600,39.91,40.07,39.84,40.01,683,32,0
1773691200,40.01,40.24,39.97,39.99,673,32,0
1773694800,40.00,40.26,39.93,40.02,673,32,0
1773759600,39.87,40.13,39.71,39.84,566,32,0
1773763200,39.84,40.29,39.72,40.26,917,32,0
1773766800,40.27,40.54,39.87,40.01,919,32,0
1773770400,40.01,40.25,39.98,40.14,726,32,0
1773774000,40.14,40.38,40.05,40.33,576,32,0
1773777600,40.33,40.47,40.26,40.43,507,32,0
1773781200,40.43,40.50,40.29,40.34,508,32,0
1773846000,39.19,39.25,38.92,39.02,538,32,0
1773849600,39.02,39.07,38.48,38.50,1049,32,0
1773853200,38.51,38.68,38.33,38.64,858,32,0
1773856800,38.64,38.70,38.41,38.57,707,32,0
1773860400,38.57,38.82,38.49,38.75,647,32,0
1773864000,38.78,38.94,38.37,38.45,1001,32,0
1773867600,38.45,38.67,38.37,38.43,703,32,0
1773932400,37.49,37.90,37.43,37.80,672,32,0
1773936000,37.80,37.93,37.35,37.57,1034,32,0
1773939600,37.57,37.82,37.19,37.52,955,32,0
1773943200,37.53,37.65,37.40,37.55,828,32,0
1773946800,37.56,37.82,37.37,37.77,737,32,0
1773950400,37.77,37.83,37.62,37.74,532,32,0
1773954000,37.74,38.18,37.74,37.99,1004,32,0
1774018800,38.12,38.14,37.73,37.78,669,32,0
1774022400,37.77,38.02,37.62,37.71,1145,32,0
1774026000,37.71,37.87,37.57,37.78,949,32,0
1774029600,37.78,37.91,37.63,37.76,708,32,0
1774033200,37.76,37.85,37.52,37.84,647,32,0
1774036800,37.84,37.89,37.59,37.72,728,32,0
1774040400,37.72,37.97,37.66,37.94,657,32,0
1774278000,38.29,38.72,38.21,38.67,732,32,0
1774281600,38.67,38.84,38.46,38.65,1166,32,0
1774285200,38.65,38.76,37.90,37.91,1024,32,0
1774288800,37.91,38.26,37.91,38.15,1148,32,0
1774292400,38.15,38.47,38.05,38.45,846,32,0
1774296000,38.45,38.51,38.32,38.44,698,32,0
1774299600,38.45,38.53,38.20,38.22,555,32,0
1774364400,38.17,38.28,37.83,37.90,641,32,0
1774368000,37.90,38.10,37.56,37.76,1184,32,0
1774371600,37.79,37.98,37.71,37.76,892,32,0
1774375200,37.76,37.84,37.49,37.55,754,32,0
1774378800,37.55,37.57,37.25,37.42,886,32,0
1774382400,37.42,37.71,37.38,37.52,695,32,0
1774386000,37.52,37.68,37.44,37.49,482,32,0
1774450800,38.72,38.93,38.67,38.71,547,32,0
1774454400,38.71,38.78,38.51,38.52,868,32,0
1774458000,38.52,38.56,38.15,38.30,902,32,0
1774461600,38.30,38.79,38.24,38.57,804,32,0
1774465200,38.57,38.62,38.23,38.26,640,32,0
1774468800,38.26,38.47,38.22,38.29,574,32,0
1774472400,38.29,38.44,38.26,38.31,552,32,0
1774537200,37.50,37.76,37.41,37.66,544,32,0
1774540800,37.64,37.75,37.42,37.55,915,32,0
1774544400,37.55,37.56,37.15,37.33,853,32,0
1774548000,37.33,37.33,37.20,37.24,675,32,0
1774551600,37.24,37.38,36.98,37.01,614,32,0
1774555200,37.01,37.08,36.82,37.00,640,32,0
1774558800,37.00,37.11,36.93,37.02,443,32,0
1774623600,36.03,36.06,35.67,35.73,550,32,0
1774627200,35.73,35.87,35.49,35.75,933,32,0
1774630800,35.76,36.01,35.63,35.72,831,32,0
1774634400,35.72,35.74,35.54,35.64,699,32,0
1774638000,35.64,35.80,35.43,35.44,638,32,0
1774641600,35.44,35.62,35.41,35.55,652,32,0
1774645200,35.55,35.71,35.47,35.66,601,32,0
1774886400,36.67,36.77,36.45,36.49,464,32,0
1774890000,36.48,36.68,36.24,36.64,917,32,0
1774893600,36.64,36.70,36.43,36.54,713,32,0
1774897200,36.54,36.55,36.32,36.40,494,32,0
1774900800,36.40,36.45,36.01,36.10,606,32,0
1774904400,36.10,36.15,35.92,36.00,507,32,0
1774908000,35.99,36.00,35.80,35.84,183,32,0
1774972800,36.08,36.43,36.04,36.36,505,32,0
1774976400,36.34,36.62,35.89,35.97,1008,32,0
1774980000,35.98,36.35,35.98,36.05,880,32,0
1774983600,36.05,36.76,36.04,36.55,961,32,0
1774987200,36.55,37.06,36.42,36.48,1130,32,0
1774990800,36.48,36.71,36.48,36.65,595,32,0
1774994400,36.65,36.75,36.58,36.65,521,32,0
1775059200,37.04,37.12,36.70,36.79,577,32,0
1775062800,36.80,37.12,36.77,37.08,951,32,0
1775066400,37.08,37.29,36.98,37.26,702,32,0
1775070000,37.26,37.30,37.09,37.20,622,32,0
1775073600,37.20,37.40,36.89,36.90,601,32,0
1775077200,36.90,36.94,36.72,36.80,766,32,0
1775080800,36.80,36.92,36.76,36.84,527,32,0
1775145600,35.75,35.82,35.52,35.82,484,32,0
1775149200,35.82,36.29,35.75,36.15,1016,32,0
1775152800,36.15,36.23,36.02,36.14,798,32,0
1775156400,36.14,36.37,36.09,36.28,678,32,0
1775160000,36.27,36.46,36.04,36.05,632,32,0
1775163600,36.05,36.27,36.01,36.22,502,32,0
1775167200,36.22,36.29,36.16,36.22,455,32,0
1775491200,37.57,37.61,37.44,37.53,449,32,0
1775494800,37.54,37.76,37.40,37.67,954,32,0
1775498400,37.67,37.86,37.60,37.85,693,32,0
1775502000,37.85,38.06,37.76,37.77,604,32,0
1775505600,37.77,37.77,37.46,37.62,676,32,0
1775509200,37.62,37.84,37.57,37.80,536,32,0
1775512800,37.80,37.81,37.63,37.71,359,32,0
1775577600,37.01,37.08,36.86,36.89,484,32,0
1775581200,36.88,36.90,36.63,36.67,852,32,0
1775584800,36.67,36.91,36.61,36.84,690,32,0
1775588400,36.84,37.01,36.80,36.88,576,32,0
1775592000,36.88,37.31,36.85,37.14,551,32,0
1775595600,37.14,37.19,36.94,36.99,445,32,0
1775599200,36.99,37.35,36.94,37.31,693,32,0
1775664000,39.20,39.25,38.65,38.72,639,32,0
1775667600,38.71,38.80,38.22,38.34,1021,32,0
1775671200,38.34,38.58,38.29,38.56,676,32,0
1775674800,38.56,38.77,38.52,38.73,533,32,0
1775678400,38.73,38.92,38.67,38.89,581,32,0
1775682000,38.89,38.89,38.44,38.45,676,32,0
1775685600,38.45,38.60,38.40,38.58,543,32,0
1775750400,38.45,38.50,38.19,38.28,521,32,0
1775754000,38.28,38.54,38.13,38.48,705,32,0
1775757600,38.48,39.15,38.36,39.04,1004,32,0
1775761200,39.04,39.17,38.81,39.00,804,32,0
1775764800,39.00,39.25,38.99,39.13,736,32,0
1775768400,39.13,39.15,38.80,38.88,687,32,0
1775772000,38.88,39.11,38.80,39.01,532,32,0
1775836800,39.11,39.19,38.89,39.14,477,32,0
1775840400,39.13,39.60,39.10,39.47,917,32,0
1775844000,39.47,39.68,39.16,39.20,727,32,0
1775847600,39.21,39.53,39.17,39.50,615,32,0
1775851200,39.50,39.58,39.39,39.57,436,32,0
1775854800,39.57,39.60,39.43,39.57,355,32,0
1775858400,39.57,39.66,39.45,39.65,349,32,0
1776096000,38.49,38.77,38.30,38.77,477,32,0
1776099600,38.76,39.18,38.64,39.17,853,32,0
1776103200,39.18,39.20,38.76,38.88,745,32,0
1776106800,38.88,39.20,38.78,39.07,836,32,0
1776110400,39.07,39.27,39.00,39.04,582,32,0
1776114000,39.04,39.21,38.99,39.19,470,32,0
1776117600,39.19,39.76,39.12,39.69,695,32,0
1776182400,40.31,40.91,40.31,40.91,534,32,0
1776186000,40.91,41.19,40.61,40.61,1044,32,0
1776189600,40.61,40.84,40.38,40.78,872,32,0
1776193200,40.78,40.97,40.34,40.41,704,32,0
1776196800,40.40,40.57,40.18,40.46,630,32,0
1776200400,40.46,40.49,39.96,40.10,670,32,0
1776204000,40.09,40.27,39.99,40.18,652,32,0
1776268800,40.27,40.27,39.92,40.06,518,32,0
1776272400,40.06,40.32,39.93,40.11,848,32,0
1776276000,40.11,40.20,39.81,39.95,813,32,0
1776279600,39.94,40.13,39.90,39.99,691,32,0
1776283200,39.99,40.16,39.98,40.11,617,32,0
1776286800,40.11,40.26,40.07,40.25,543,32,0
1776290400,40.26,40.73,40.23,40.59,586,32,0
1776355200,40.54,40.57,39.64,39.91,630,32,0
1776358800,39.90,40.14,39.71,40.01,964,32,0
1776362400,40.01,40.51,39.99,40.43,878,32,0
1776366000,40.44,40.55,40.07,40.13,848,32,0
1776369600,40.13,40.28,39.98,40.21,758,32,0
1776373200,40.21,40.62,40.16,40.59,683,32,0
1776376800,40.59,40.81,40.44,40.77,653,32,0
1776441600,41.46,41.93,41.24,41.89,724,32,0
1776445200,41.89,42.28,41.70,42.19,1115,32,0
1776448800,42.19,42.24,41.94,42.12,1028,32,0
1776452400,42.12,42.40,42.07,42.16,854,32,0
1776456000,42.16,42.19,41.74,41.97,917,32,0
1776459600,41.97,42.01,41.73,41.77,808,32,0
1776463200,41.77,41.94,41.69,41.94,676,32,0
1776700800,40.68,40.83,40.50,40.73,612,32,0
1776704400,40.73,40.99,40.54,40.60,1136,32,0
1776708000,40.60,41.00,40.42,40.98,1061,32,0
1776711600,40.98,40.98,40.74,40.76,713,32,0
1776715200,40.78,41.11,40.74,41.07,739,32,0
1776718800,41.07,41.37,41.07,41.35,757,32,0
1776722400,41.36,41.39,41.20,41.29,485,32,0
1776787200,41.12,41.23,40.97,41.07,567,32,0
1776790800,41.09,41.45,40.91,40.94,1068,32,0
1776794400,40.94,41.12,40.83,41.03,1011,32,0
1776798000,41.03,41.22,40.98,41.00,845,32,0
1776801600,41.00,41.04,40.61,40.87,979,32,0
1776805200,40.88,40.93,40.73,40.90,726,32,0
1776808800,40.90,41.07,40.47,40.58,883,32,0
1776873600,42.46,42.68,42.36,42.68,597,32,0
1776877200,42.68,42.84,42.53,42.78,969,32,0
1776880800,42.78,42.99,42.66,42.91,832,32,0
1776884400,42.94,43.02,42.56,42.61,671,32,0
1776888000,42.61,42.78,42.58,42.70,609,32,0
1776891600,42.70,42.85,42.65,42.77,458,32,0
1776895200,42.78,42.79,42.60,42.67,588,32,0
1776960000,41.98,42.05,41.87,41.96,532,32,0
1776963600,41.96,42.33,41.89,42.32,947,32,0
1776967200,42.31,42.57,42.20,42.42,839,32,0
1776970800,42.42,42.49,42.23,42.27,726,32,0
1776974400,42.27,42.31,41.63,42.08,1176,32,0
1776978000,42.08,42.30,42.03,42.05,886,32,0
1776981600,42.03,42.15,41.99,42.07,625,32,0
1777046400,42.29,42.38,42.15,42.26,520,32,0
1777050000,42.24,42.24,42.03,42.23,878,32,0
1777053600,42.23,42.32,41.97,42.23,852,32,0
1777057200,42.23,42.24,41.97,42.08,621,32,0
1777060800,42.08,42.11,41.92,42.03,552,32,0
1777064400,42.04,42.06,41.85,41.99,493,32,0
1777068000,41.99,42.07,41.95,42.00,418,32,0
1777305600,42.03,42.19,41.96,42.06,547,32,0
1777309200,42.06,42.34,42.01,42.09,829,32,0
1777312800,42.10,42.10,41.40,41.52,980,32,0
1777316400,41.52,41.57,41.40,41.44,524,32,0
1777320000,41.44,41.61,41.44,41.50,498,32,0
1777323600,41.50,41.59,41.46,41.55,361,32,0
1777327200,41.55,41.60,41.36,41.59,476,32,0
1777392000,41.21,41.34,41.11,41.21,486,32,0
1777395600,41.21,41.22,40.91,41.07,896,32,0
1777399200,41.08,41.15,41.01,41.13,655,32,0
1777402800,41.13,41.21,41.03,41.16,553,32,0
1777406400,41.16,41.25,41.06,41.20,423,32,0
1777410000,41.20,41.25,41.17,41.23,368,32,0
1777413600,41.23,41.32,41.13,41.29,354,32,0
1777478400,41.58,41.59,41.33,41.52,534,32,0
1777482000,41.52,41.56,41.35,41.40,729,32,0
1777485600,41.40,41.44,40.92,41.04,816,32,0
1777489200,41.05,41.16,40.92,40.98,657,32,0
1777492800,40.98,41.18,40.97,41.18,518,32,0
1777496400,41.16,41.21,40.51,40.82,955,32,0
1777500000,40.82,40.86,40.69,40.84,553,32,0
1777564800,41.18,41.48,41.13,41.32,446,32,0
1777568400,41.32,41.42,41.14,41.25,842,32,0
1777572000,41.25,41.45,41.17,41.34,637,32,0
1777575600,41.34,41.35,41.20,41.23,404,32,0
1777579200,41.23,41.26,41.14,41.22,406,32,0
1777582800,41.22,41.35,41.20,41.28,385,32,0
1777586400,41.28,41.38,41.25,41.33,334,32,0
1777651200,42.37,42.74,42.29,42.61,450,32,0
1777654800,42.60,42.69,42.24,42.40,725,32,0
1777658400,42.40,42.62,42.31,42.45,571,32,0
1777662000,42.46,42.58,42.29,42.32,583,32,0
1777665600,42.32,42.53,42.27,42.51,409,32,0
1777669200,42.51,42.54,42.40,42.44,376,32,0
1777672800,42.44,42.50,42.37,42.40,324,32,0
1777910400,42.70,42.80,42.57,42.61,417,32,0
1777914000,42.61,43.59,42.45,43.41,941,32,0
1777917600,43.40,43.49,42.93,43.30,1151,32,0
1777921200,43.30,43.51,43.06,43.30,959,32,0
1777924800,43.30,43.69,43.29,43.48,712,32,0
1777928400,43.50,43.52,43.29,43.35,544,32,0
1777932000,43.36,43.36,43.21,43.31,442,32,0
1777996800,44.06,44.19,43.93,44.00,430,32,0
1778000400,44.00,44.10,43.79,44.00,832,32,0
1778004000,44.00,44.21,43.94,44.11,615,32,0
1778007600,44.12,44.15,43.84,43.98,601,32,0
1778011200,43.98,44.07,43.92,43.96,428,32,0
1778014800,43.96,44.14,43.96,44.09,408,32,0
1778018400,44.09,44.19,44.04,44.16,352,32,0
1778083200,44.31,44.39,44.14,44.18,537,32,0
1778086800,44.17,44.34,43.88,44.09,961,32,0
1778090400,44.09,44.25,43.98,44.19,739,32,0
1778094000,44.19,44.29,44.03,44.14,637,32,0
1778097600,44.14,44.19,44.01,44.05,498,32,0
1778101200,44.05,44.11,43.95,44.00,515,32,0
1778104800,44.00,44.09,43.91,44.06,418,32,0
1778169600,43.79,43.79,43.40,43.55,539,32,0
1778173200,43.54,43.65,43.28,43.35,851,32,0
1778176800,43.36,43.42,43.11,43.21,725,32,0
1778180400,43.21,43.27,43.10,43.15,678,32,0
1778184000,43.15,43.35,42.99,43.32,707,32,0
1778187600,43.33,43.43,43.27,43.38,615,32,0
1778191200,43.38,43.40,43.22,43.35,522,32,0
1778256000,43.04,43.17,43.00,43.06,389,32,0
1778259600,43.07,43.51,43.07,43.34,940,32,0
1778263200,43.33,43.37,43.05,43.35,693,32,0
1778266800,43.36,43.37,43.12,43.15,542,32,0
1778270400,43.15,43.43,43.12,43.29,634,32,0
1778274000,43.30,43.44,43.30,43.32,525,32,0
1778277600,43.31,43.38,43.25,43.38,363,32,0
1778515200,43.87,43.93,43.66,43.84,443,32,0
1778518800,43.84,43.95,43.50,43.77,856,32,0
1778522400,43.77,44.05,43.70,44.05,680,32,0
1778526000,44.05,44.31,43.99,44.13,659,32,0
1778529600,44.13,44.39,44.01,44.33,534,32,0
1778533200,44.33,44.44,44.27,44.28,443,32,0
1778536800,44.28,44.41,44.21,44.35,438,32,0
1778601600,43.60,43.75,43.46,43.50,454,32,0
1778605200,43.51,43.75,43.46,43.55,813,32,0
1778608800,43.55,43.62,43.35,43.43,618,32,0
1778612400,43.43,43.49,43.16,43.25,576,32,0
1778616000,43.25,43.58,43.23,43.54,493,32,0
1778619600,43.54,43.68,43.49,43.63,376,32,0
1778623200,43.63,43.74,43.63,43.72,366,32,0
1778688000,43.32,43.37,43.01,43.06,448,32,0
1778691600,43.06,43.19,42.96,43.11,613,32,0
1778695200,43.11,43.17,42.59,42.60,529,32,0
1778698800,42.60,42.82,42.57,42.76,516,32,0
1778702400,42.76,43.02,42.75,42.99,393,32,0
1778706000,42.99,43.15,42.99,43.04,418,32,0
1778709600,43.03,43.07,42.92,43.06,348,32,0
1778774400,43.21,43.29,43.08,43.09,423,32,0
1778778000,43.07,43.82,43.02,43.79,812,32,0
1778781600,43.80,44.01,43.72,43.98,585,32,0
1778785200,43.99,44.32,43.87,44.31,677,32,0
1778788800,44.31,44.41,43.98,44.19,855,32,0
1778792400,44.19,44.35,44.06,44.14,569,32,0
1778796000,44.14,44.21,44.00,44.06,482,32,0
1778860800,43.25,43.25,42.52,42.55,628,32,0
1778864400,42.55,42.88,42.50,42.79,991,32,0
1778868000,42.79,42.91,42.71,42.79,638,32,0
1778871600,42.79,42.92,42.77,42.87,459,32,0
1778875200,42.87,43.00,42.83,42.96,415,32,0
1778878800,42.96,43.02,42.79,42.85,410,32,0
1778882400,42.86,42.87,42.73,42.78,385,32,0
1779120000,41.76,41.76,41.44,41.57,579,32,0
1779123600,41.57,41.58,41.18,41.27,990,32,0
1779127200,41.28,41.31,41.08,41.27,817,32,0
1779130800,41.27,41.40,41.16,41.29,655,32,0
1779134400,41.29,41.48,41.26,41.44,503,32,0
1779138000,41.44,41.44,41.13,41.18,551,32,0
1779141600,41.19,41.60,41.17,41.55,743,32,0
1779206400,41.36,41.64,41.36,41.53,454,32,0
1779210000,41.53,41.61,41.12,41.26,890,32,0
1779213600,41.26,41.43,41.23,41.34,537,32,0
1779217200,41.34,41.57,41.27,41.55,405,32,0
1779220800,41.55,41.62,41.46,41.52,346,32,0
1779224400,41.52,41.59,41.45,41.50,355,32,0
1779228000,41.49,41.65,41.47,41.51,355,32,0
1779292800,41.75,41.79,41.58,41.71,451,32,0
1779296400,41.71,41.93,41.54,41.85,873,32,0
1779300000,41.84,42.08,41.76,41.86,634,32,0
1779303600,41.85,41.91,41.60,41.79,538,32,0
1779307200,41.79,42.00,41.72,41.92,426,32,0
1779310800,41.92,41.96,41.81,41.82,410,32,0
1779314400,41.83,41.99,41.79,41.98,296,32,0
1779379200,41.75,41.76,41.43,41.67,469,32,0
1779382800,41.67,41.74,41.47,41.58,707,32,0
1779386400,41.58,41.82,41.53,41.74,554,32,0
1779390000,41.74,41.79,41.60,41.70,446,32,0
1779393600,41.71,42.21,41.69,42.08,781,32,0
1779397200,42.08,42.11,41.73,41.81,604,32,0
1779400800,41.80,42.03,41.79,41.98,401,32,0
1779465600,41.75,41.80,41.66,41.76,375,32,0
1779469200,41.73,41.73,41.45,41.46,536,32,0
1779472800,41.46,41.61,41.35,41.47,486,32,0
1779476400,41.47,41.60,41.46,41.57,322,32,0
1779480000,41.57,41.65,41.45,41.45,386,32,0
1779483600,41.45,41.55,41.10,41.34,422,32,0
1779487200,41.34,41.37,40.87,40.97,705,32,0
1779811200,41.48,41.86,41.42,41.72,451,32,0
1779814800,41.72,42.21,41.42,41.53,987,32,0
1779818400,41.53,41.60,41.17,41.31,900,32,0
1779822000,41.31,41.43,41.14,41.35,656,32,0
1779825600,41.35,41.40,40.96,41.00,663,32,0
1779829200,41.01,41.17,40.91,40.93,497,32,0
1779832800,40.94,41.08,40.92,41.04,370,32,0
1779897600,40.58,40.64,40.40,40.51,514,32,0
1779901200,40.51,40.62,40.35,40.50,723,32,0
1779904800,40.49,40.76,40.46,40.66,581,32,0
1779908400,40.66,40.70,40.48,40.65,451,32,0
1779912000,40.65,40.67,40.31,40.40,526,32,0
1779915600,40.40,40.50,40.30,40.49,475,32,0
1779919200,40.49,40.54,40.46,40.51,308,32,0
1779984000,39.47,39.47,39.26,39.41,377,32,0
1779987600,39.41,39.72,39.17,39.41,925,32,0
1779991200,39.41,39.49,39.23,39.36,590,32,0
1779994800,39.36,39.64,39.25,39.64,515,32,0
1779998400,39.64,39.79,39.56,39.70,468,32,0
1780002000,39.70,39.80,39.68,39.76,376,32,0
1780005600,39.76,39.76,39.62,39.63,255,32,0
1780070400,39.44,39.61,39.35,39.49,385,32,0
1780074000,39.50,39.53,39.13,39.45,830,32,0
1780077600,39.45,40.07,39.40,39.85,920,32,0
1780081200,39.86,40.02,39.72,39.98,588,32,0
1780084800,39.98,40.15,39.91,39.94,548,32,0
1780088400,39.95,40.00,39.53,39.62,540,32,0
1780092000,39.62,39.82,39.56,39.71,370,32,0
1780329600,38.76,38.89,38.51,38.67,562,32,0
1780333200,38.68,38.79,38.52,38.61,836,32,0
1780336800,38.61,38.68,38.34,38.37,649,32,0
1780340400,38.37,38.63,38.13,38.62,648,32,0
1780344000,38.62,38.76,38.57,38.68,519,32,0
1780347600,38.67,38.70,38.52,38.59,412,32,0
1780351200,38.60,38.68,38.52,38.65,337,32,0
1780416000,37.23,37.27,37.08,37.12,417,32,0
1780419600,37.13,37.13,36.50,36.69,1019,32,0
1780423200,36.68,36.72,36.19,36.30,1025,32,0
1780426800,36.30,36.75,36.26,36.38,776,32,0
1780430400,36.38,36.60,36.34,36.40,639,32,0
1780434000,36.41,36.50,36.23,36.33,576,32,0
1780437600,36.33,36.41,35.86,36.32,719,32,0
1780502400,36.05,36.27,35.96,36.11,563,32,0
1780506000,36.11,36.15,35.96,36.08,959,32,0
1780509600,36.08,36.09,35.65,35.66,816,32,0
1780513200,35.66,35.81,35.38,35.65,1009,32,0
1780516800,35.65,35.72,35.46,35.60,740,32,0
1780520400,35.60,35.70,35.49,35.63,596,32,0
1780524000,35.63,35.64,35.23,35.32,624,32,0
1780588800,34.13,34.69,34.10,34.67,709,32,0
1780592400,34.67,34.82,34.43,34.52,1085,32,0
1780596000,34.52,34.78,34.38,34.49,979,32,0
1780599600,34.49,34.50,34.24,34.31,905,32,0
1780603200,34.30,34.39,33.98,34.29,854,32,0
1780606800,34.29,34.59,34.08,34.44,864,32,0
1780610400,34.43,34.62,34.29,34.34,667,32,0
1780675200,33.53,33.66,32.79,32.79,662,32,0
1780678800,32.79,33.04,32.57,32.86,1321,32,0
1780682400,32.86,33.00,32.43,32.63,1278,32,0
1780686000,32.62,33.22,32.28,33.14,1470,32,0
1780689600,33.14,33.20,32.74,32.82,1104,32,0
1780693200,32.82,32.90,31.93,32.06,1200,32,0
1780696800,32.06,32.65,31.93,32.60,1309,32,0
1780934400,34.32,34.50,34.21,34.43,681,32,0
1780938000,34.44,34.62,34.33,34.56,1000,32,0
1780941600,34.56,34.69,34.40,34.44,815,32,0
1780945200,34.44,34.59,34.27,34.30,648,32,0
1780948800,34.30,34.38,34.18,34.32,628,32,0
1780952400,34.32,34.40,34.20,34.27,482,32,0
1780956000,34.27,34.35,34.22,34.24,474,32,0
1781020800,33.65,33.77,33.55,33.63,502,32,0
1781024400,33.62,33.69,33.01,33.23,1117,32,0
1781028000,33.23,33.32,32.94,33.00,919,32,0
1781031600,33.00,33.19,32.81,33.14,1028,32,0
1781035200,33.15,33.40,33.14,33.30,805,32,0
1781038800,33.30,33.45,33.25,33.35,603,32,0
1781042400,33.35,33.52,33.31,33.52,613,32,0
1781107200,33.22,33.72,33.21,33.55,593,32,0
1781110800,33.55,33.61,33.36,33.58,926,32,0
1781114400,33.59,33.93,33.38,33.81,980,32,0
1781118000,33.82,33.82,33.43,33.59,852,32,0
1781121600,33.59,33.67,33.28,33.45,796,32,0
1781125200,33.45,33.55,33.26,33.39,662,32,0
1781128800,33.40,33.50,33.28,33.43,634,32,0
1781193600,33.89,34.15,33.82,34.05,486,32,0
1781197200,34.05,34.05,33.85,33.85,797,32,0
1781200800,33.85,33.94,33.75,33.87,784,32,0
1781204400,33.86,33.92,33.75,33.76,567,32,0
1781208000,33.76,34.35,33.63,34.35,956,32,0
1781211600,34.35,34.43,34.18,34.25,632,32,0
1781215200,34.25,34.51,34.22,34.34,605,32,0
1781280000,34.22,34.23,34.03,34.13,495,32,0
1781283600,34.13,34.57,34.12,34.57,909,32,0
1781287200,34.57,34.78,34.32,34.34,923,32,0
1781290800,34.34,34.58,34.30,34.56,711,32,0
1781294400,34.56,34.64,34.42,34.49,455,32,0
1781298000,34.49,34.53,34.39,34.39,464,32,0
1781301600,34.39,34.47,34.35,34.36,342,32,0
1781539200,36.09,36.13,35.85,35.87,468,32,0
1781542800,35.87,36.01,35.79,35.96,567,32,0
1781546400,35.96,36.34,35.96,36.34,483,32,0
1781550000,36.34,36.35,36.23,36.28,463,32,0
1781553600,36.28,36.28,36.02,36.11,422,32,0
1781557200,36.11,36.15,36.04,36.06,372,32,0
1781560800,36.06,36.13,35.85,35.96,420,32,0
1781625600,35.63,35.76,35.60,35.67,457,32,0
1781629200,35.67,35.79,35.29,35.45,831,32,0
1781632800,35.45,35.64,35.42,35.57,623,32,0
1781636400,35.57,35.62,35.47,35.50,484,32,0
1781640000,35.50,35.64,35.48,35.62,416,32,0
1781643600,35.62,35.76,35.52,35.55,432,32,0
1781647200,35.55,35.55,35.38,35.46,448,32,0
1781712000,35.05,35.30,35.00,35.26,368,32,0
1781715600,35.25,35.35,34.97,35.15,742,32,0
1781719200,35.15,35.55,35.08,35.50,681,32,0
1781722800,35.50,35.87,35.48,35.56,674,32,0
1781726400,35.56,35.74,35.52,35.67,511,32,0
1781730000,35.68,35.68,35.01,35.37,1243,32,0
1781733600,35.37,35.45,34.57,34.70,1108,32,0
1781798400,34.73,34.76,34.43,34.53,429,32,0
1781802000,34.53,34.65,34.33,34.45,884,32,0
1781805600,34.45,34.45,33.62,33.66,1033,32,0
1781809200,33.65,33.89,33.65,33.83,661,32,0
1781812800,33.84,33.85,33.60,33.78,556,32,0
1781816400,33.79,33.98,33.76,33.84,550,32,0
1781820000,33.84,34.00,33.79,33.97,351,32,0
1782144000,35.08,35.41,35.07,35.40,436,32,0
1782147600,35.40,35.42,34.99,35.07,724,32,0
1782151200,35.07,35.16,34.95,35.00,627,32,0
1782154800,35.00,35.01,34.81,34.93,533,32,0
1782158400,34.93,34.96,34.75,34.87,366,32,0
1782162000,34.87,34.94,34.71,34.72,390,32,0
1782165600,34.72,34.81,34.68,34.81,389,32,0
1782230400,33.47,33.74,33.42,33.72,510,32,0
1782234000,33.72,33.92,33.69,33.72,799,32,0
1782237600,33.72,33.73,33.56,33.72,530,32,0
1782241200,33.72,33.89,33.69,33.75,524,32,0
1782244800,33.75,33.83,33.63,33.64,394,32,0
1782248400,33.65,33.69,33.50,33.58,395,32,0
1782252000,33.58,33.71,33.57,33.68,399,32,0
1782316800,33.35,33.51,33.03,33.07,577,32,0
1782320400,33.07,33.14,32.84,32.95,904,32,0
1782324000,32.95,32.98,32.48,32.50,799,32,0
1782327600,32.49,32.71,32.16,32.26,804,32,0
1782331200,32.26,32.38,31.87,32.03,994,32,0
1782334800,32.03,32.31,31.98,32.13,842,32,0
1782338400,32.14,32.34,32.10,32.33,618,32,0
1782403200,33.01,33.06,31.33,31.39,787,32,0
1782406800,31.43,32.59,31.43,32.05,1562,32,0
1782410400,32.06,32.15,31.74,32.10,1095,32,0
1782414000,32.10,32.37,31.89,31.97,848,32,0
1782417600,31.97,32.19,31.87,32.17,699,32,0
1782421200,32.17,32.23,31.99,32.07,605,32,0
1782424800,32.08,32.08,31.89,31.96,464,32,0
1782489600,31.75,32.47,31.72,32.44,698,32,0
1782493200,32.44,32.51,32.02,32.13,1025,32,0
1782496800,32.13,32.64,32.12,32.53,944,32,0
1782500400,32.53,32.66,32.34,32.38,655,32,0
1782504000,32.38,32.51,32.33,32.37,563,32,0
1782507600,32.37,32.44,32.12,32.17,421,32,0
1782511200,32.17,32.40,32.14,32.26,495,32,0
1782748800,32.32,32.50,31.98,32.12,647,32,0
1782752400,32.13,32.18,31.81,32.05,1033,32,0
1782756000,32.05,32.31,31.84,32.25,782,32,0
1782759600,32.25,32.33,32.12,32.29,508,32,0
1782763200,32.29,32.72,32.29,32.57,674,32,0
1782766800,32.57,32.64,32.46,32.51,391,32,0
1782770400,32.52,32.66,32.44,32.58,346,32,0
1782835200,31.53,31.70,31.38,31.66,570,32,0
1782838800,31.66,31.94,31.49,31.52,955,32,0
1782842400,31.52,31.69,31.36,31.46,698,32,0
1782846000,31.46,31.60,31.40,31.53,509,32,0
1782849600,31.54,31.61,31.44,31.49,411,32,0
1782853200,31.49,31.64,31.45,31.63,387,32,0
1782856800,31.63,31.73,31.58,31.70,393,32,0
1782921600,31.71,32.11,31.60,32.10,581,32,0
1782925200,32.09,32.43,31.97,32.12,861,32,0
1782928800,32.11,32.66,32.10,32.45,730,32,0
1782932400,32.45,32.51,32.30,32.33,482,32,0
1782936000,32.33,32.51,32.25,32.48,393,32,0
1782939600,32.48,32.54,32.38,32.47,374,32,0
1782943200,32.47,32.57,32.38,32.39,293,32,0
1783008000,33.28,33.50,33.21,33.44,512,32,0
1783011600,33.45,33.59,33.14,33.31,1028,32,0
1783015200,33.31,33.37,33.15,33.25,671,32,0
1783018800,33.25,33.35,33.01,33.29,639,32,0
1783022400,33.29,33.44,33.26,33.29,468,32,0
1783026000,33.29,33.40,33.28,33.34,318,32,0
1783029600,33.34,33.34,33.16,33.20,354,32,0
1783353600,33.15,33.48,33.08,33.32,494,32,0
1783357200,33.32,33.70,33.30,33.49,849,32,0
1783360800,33.49,34.31,33.48,34.30,898,32,0
1783364400,34.31,34.48,34.22,34.42,741,32,0
1783368000,34.41,34.52,34.32,34.33,471,32,0
1783371600,34.33,34.49,34.31,34.38,367,32,0
1783375200,34.39,34.50,34.36,34.40,323,32,0
1783440000,34.05,34.22,33.98,34.02,513,32,0
1783443600,34.02,34.35,33.81,34.31,1082,32,0
1783447200,34.30,34.60,34.20,34.51,867,32,0
1783450800,34.51,34.68,34.44,34.54,695,32,0
1783454400,34.54,34.68,34.49,34.65,528,32,0
1783458000,34.65,34.65,34.37,34.38,500,32,0
1783461600,34.38,34.50,34.21,34.45,554,32,0
1783526400,33.35,33.50,33.25,33.43,464,32,0
1783530000,33.43,33.56,33.29,33.40,829,32,0
1783533600,33.40,33.41,33.20,33.28,537,32,0
1783537200,33.28,33.53,33.27,33.51,556,32,0
1783540800,33.51,33.68,33.46,33.52,422,32,0
1783544400,33.52,33.64,33.48,33.56,427,32,0
1783548000,33.56,33.62,33.50,33.61,324,32,0
1783612800,33.84,34.14,33.72,34.02,457,32,0
1783616400,34.02,34.09,33.82,34.01,714,32,0
1783620000,34.01,34.15,33.90,33.93,531,32,0
1783623600,33.93,34.01,33.76,33.84,400,32,0
1783627200,33.84,34.09,33.82,34.08,363,32,0
1783630800,34.08,34.29,34.05,34.13,430,32,0
1783634400,34.14,34.21,34.09,34.14,278,32,0
1783699200,34.64,34.96,34.63,34.83,373,32,0
1783702800,34.83,34.85,34.45,34.51,828,32,0
1783706400,34.51,34.68,34.50,34.58,548,32,0
1783710000,34.58,34.69,34.47,34.64,427,32,0
1783713600,34.64,34.66,34.46,34.46,344,32,0
1783717200,34.46,34.56,34.42,34.45,274,32,0
1783720800,34.45,34.59,34.43,34.52,275,32,0
1783958400,33.73,33.87,33.54,33.63,437,32,0
1783962000,33.62,33.88,33.50,33.88,696,32,0
1783965600,33.88,33.99,33.76,33.78,436,32,0
1783969200,33.79,33.79,33.56,33.60,416,32,0
1783972800,33.60,33.65,33.39,33.39,386,32,0
1783976400,33.39,33.50,33.35,33.45,358,32,0
1783980000,33.46,33.61,33.43,33.60,244,32,0
1784044800,34.52,34.53,34.38,34.46,389,32,0
1784048400,34.46,34.73,34.32,34.72,633,32,0
1784052000,34.71,35.08,34.65,34.97,664,32,0
1784055600,34.97,35.05,34.89,34.96,442,32,0
1784059200,34.96,34.96,34.75,34.90,444,32,0
1784062800,34.90,34.91,34.82,34.87,307,32,0
1784066400,34.87,34.94,34.82,34.87,261,32,0
1784131200,35.24,35.38,35.02,35.15,520,32,0
1784134800,35.15,35.38,35.12,35.31,774,32,0
1784138400,35.31,35.41,35.23,35.32,580,32,0
1784142000,35.33,35.35,34.97,35.16,491,32,0
1784145600,35.16,35.20,35.08,35.12,355,32,0
1784149200,35.12,35.18,35.01,35.02,295,32,0
1784152800,35.02,35.11,34.95,35.08,296,32,0
1784217600,34.67,34.81,34.60,34.76,393,32,0
1784221200,34.76,35.01,34.72,34.85,662,32,0
1784224800,34.85,35.04,34.72,34.93,570,32,0
1784228400,34.93,34.94,34.72,34.81,539,32,0
1784232000,34.81,34.81,34.55,34.59,441,32,0
1784235600,34.59,34.73,34.58,34.68,339,32,0
1784239200,34.68,34.72,34.63,34.70,245,32,0
1784304000,33.92,34.10,33.74,34.09,448,32,0
1784307600,34.09,34.30,34.05,34.11,813,32,0
1784311200,34.11,34.26,33.93,34.26,604,32,0
1784314800,34.26,34.40,34.18,34.34,428,32,0
1784318400,34.34,34.69,34.34,34.59,537,32,0
1784322000,34.58,34.78,34.50,34.71,461,32,0
1784325600,34.71,34.71,34.54,34.65,323,32,0
1784563200,34.83,34.96,34.66,34.72,511,32,0
1784566800,34.72,34.85,34.58,34.77,787,32,0
1784570400,34.79,35.45,34.77,35.43,710,32,0
1784574000,35.43,35.45,35.29,35.38,468,32,0
1784577600,35.38,35.44,35.28,35.42,355,32,0
1784581200,35.42,35.53,35.20,35.22,399,32,0
1784584800,35.22,35.25,35.12,35.17,317,32,0
1784649600,35.87,36.09,35.81,36.07,414,32,0
1784653200,36.07,36.17,36.00,36.11,547,32,0
1784656800,36.11,36.11,35.93,36.02,458,32,0
1784660400,36.02,36.06,35.90,35.94,346,32,0
1784664000,35.94,35.95,35.72,35.76,320,32,0
1784667600,35.76,35.84,35.70,35.81,362,32,0
1784671200,35.81,35.92,35.79,35.89,264,32,0
1784736000,35.42,35.63,35.42,35.62,339,32,0
1784739600,35.61,35.76,35.41,35.53,638,32,0
1784743200,35.53,35.72,35.53,35.67,488,32,0
1784746800,35.67,35.86,35.60,35.77,389,32,0
1784750400,35.77,35.80,35.61,35.66,345,32,0
1784754000,35.65,35.69,35.50,35.58,330,32,0
1784757600,35.58,35.63,35.47,35.62,258,32,0
1784822400,35.09,35.21,35.01,35.02,429,32,0
1784826000,35.02,35.22,34.99,35.04,587,32,0
1784829600,35.04,35.10,34.93,35.06,418,32,0
1784833200,35.06,35.06,34.92,34.95,286,32,0
1784836800,34.95,35.02,34.89,34.90,301,32,0
1784840400,34.90,35.06,34.90,35.01,272,32,0
1784844000,35.01,35.04,34.91,35.00,245,32,0
1784908800,34.74,34.78,34.49,34.62,425,32,0
1784912400,34.63,34.65,34.39,34.57,695,32,0
1784916000,34.57,34.72,34.45,34.59,584,32,0
1784919600,34.59,34.66,34.47,34.51,298,32,0
1784923200,34.51,34.65,34.49,34.64,287,32,0
1784926800,34.64,34.71,34.61,34.69,193,32,0
1784930400,34.69,34.70,34.62,34.67,248,32,0
1785168000,35.04,35.48,35.04,35.20,542,32,0
1785171600,35.20,35.32,34.78,34.90,953,32,0
1785175200,34.90,34.95,34.76,34.83,623,32,0
1785178800,34.83,35.06,34.80,35.02,490,32,0
1785182400,35.02,35.13,34.96,35.09,327,32,0
1785186000,35.09,35.11,34.94,35.01,295,32,0
1785189600,35.01,35.13,34.97,35.06,285,32,0
1785254400,34.15,34.20,33.85,34.03,453,32,0
1785258000,34.03,34.29,33.96,34.21,716,32,0
1785261600,34.21,34.54,34.12,34.49,669,32,0
1785265200,34.49,34.59,34.41,34.56,417,32,0
1785268800,34.56,34.56,34.27,34.37,344,32,0
1785272400,34.37,34.45,34.36,34.39,325,32,0
1785276000,34.39,34.48,34.35,34.48,220,32,0
1785340800,34.63,34.90,34.60,34.90,459,32,0
1785344400,34.91,34.94,34.55,34.58,714,32,0
1785348000,34.58,34.63,34.46,34.50,534,32,0
1785351600,34.51,34.61,34.33,34.42,509,32,0
1785355200,34.42,34.66,34.37,34.64,430,32,0
1785358800,34.64,34.88,34.41,34.81,861,32,0
1785362400,34.81,34.86,34.28,34.30,788,32,0
1785427200,34.97,35.17,34.91,35.10,317,32,0
1785430800,35.10,35.12,34.88,34.91,479,32,0
1785434400,34.91,35.03,34.87,34.94,411,32,0
1785438000,34.94,35.07,34.94,34.99,261,32,0
1785441600,34.99,35.09,34.96,35.02,250,32,0
1785445200,35.02,35.04,34.91,34.92,175,32,0
1785448800,34.92,35.04,34.92,34.99,188,32,0
1785513600,34.44,34.44,34.11,34.13,419,32,0
1785517200,34.13,34.16,33.67,33.81,943,32,0
1785520800,33.81,33.85,33.69,33.83,543,32,0
1785524400,33.83,33.96,33.82,33.92,359,32,0
1785528000,33.92,34.16,33.88,34.13,283,32,0
1785531600,34.13,34.16,33.97,34.05,256,32,0
1785535200,34.05,34.09,33.96,33.97,214,32,0
1785772800,33.85,34.20,33.73,34.20,446,32,0
1785776400,34.19,34.53,34.06,34.53,804,32,0
1785780000,34.53,34.54,34.34,34.37,567,32,0
1785783600,34.37,34.51,34.35,34.41,401,32,0
1785787200,34.41,34.57,34.38,34.49,355,32,0
1785790800,34.49,34.55,34.41,34.47,263,32,0
1785794400,34.47,34.59,34.45,34.47,261,32,0
1785859200,34.47,34.60,34.35,34.37,427,32,0
1785862800,34.37,34.65,34.32,34.61,710,32,0
1785866400,34.63,34.68,34.43,34.61,445,32,0
1785870000,34.61,34.62,34.48,34.52,365,32,0
1785873600,34.52,34.65,34.49,34.53,362,32,0
1785877200,34.53,34.77,34.53,34.72,333,32,0
1785880800,34.72,34.78,34.68,34.70,248,32,0
1785945600,34.61,34.78,34.47,34.78,455,32,0
1785949200,34.78,34.87,34.71,34.81,676,32,0
1785952800,34.81,34.97,34.75,34.75,492,32,0
1785956400,34.75,34.97,34.75,34.91,417,32,0
1785960000,34.91,34.98,34.83,34.96,283,32,0
1785963600,34.96,35.01,34.91,34.99,273,32,0
1785967200,34.98,35.06,34.98,35.01,181,32,0
1786032000,34.66,34.83,34.62,34.77,352,32,0
1786035600,34.77,35.00,34.73,34.96,618,32,0
1786039200,34.96,35.09,34.88,34.89,554,32,0
1786042800,34.89,34.97,34.86,34.95,445,32,0
1786046400,34.96,35.00,34.84,34.88,289,32,0
1786050000,34.88,34.88,34.74,34.77,288,32,0
1786053600,34.77,34.80,34.74,34.78,221,32,0
1786118400,35.18,35.29,35.09,35.10,418,32,0
1786122000,35.10,35.25,34.97,35.07,693,32,0
1786125600,35.07,35.17,35.03,35.04,398,32,0
1786129200,35.05,35.15,34.99,34.99,327,32,0
1786132800,34.99,35.00,34.83,34.97,368,32,0
1786136400,34.97,35.04,34.92,34.95,210,32,0
1786140000,34.95,35.11,34.95,35.07,233,32,0
1786377600,35.04,35.05,34.80,34.83,311,32,0
1786381200,34.83,35.03,34.83,34.88,415,32,0
1786384800,34.88,34.93,34.64,34.69,364,32,0
1786388400,34.68,34.73,34.43,34.47,330,32,0
1786392000,34.47,34.54,34.43,34.50,273,32,0
1786395600,34.50,34.54,34.43,34.47,277,32,0
1786399200,34.47,34.59,34.46,34.56,257,32,0
1786464000,34.63,34.66,34.55,34.64,353,32,0
1786467600,34.64,34.68,34.38,34.41,482,32,0
1786471200,34.41,34.46,34.23,34.32,479,32,0
1786474800,34.32,34.35,34.23,34.26,300,32,0
1786478400,34.26,34.33,34.23,34.31,222,32,0
1786482000,34.31,34.32,34.13,34.18,230,32,0
1786485600,34.18,34.28,34.11,34.27,206,32,0
1786550400,34.50,34.58,34.44,34.44,314,32,0
1786554000,34.44,34.49,34.17,34.18,678,32,0
1786557600,34.18,34.29,34.15,34.22,384,32,0
1786561200,34.22,34.30,34.18,34.25,287,32,0
1786564800,34.25,34.28,34.20,34.23,198,32,0
1786568400,34.23,34.27,34.18,34.19,170,32,0
1786572000,34.19,34.24,34.16,34.21,216,32,0
1786636800,34.30,34.46,34.28,34.38,322,32,0
1786640400,34.38,34.53,34.35,34.46,441,32,0
1786644000,34.46,34.50,34.20,34.20,326,32,0
1786647600,34.20,34.29,33.90,34.07,526,32,0
1786651200,34.07,34.15,34.02,34.06,410,32,0
1786654800,34.06,34.19,34.04,34.15,263,32,0
1786658400,34.15,34.27,34.15,34.21,212,32,0
1786723200,33.86,33.88,33.76,33.80,303,32,0
1786726800,33.80,33.88,33.73,33.77,478,32,0
1786730400,33.77,34.03,33.77,33.98,360,32,0
1786734000,33.98,34.11,33.97,34.06,276,32,0
1786737600,34.07,34.12,33.99,34.00,207,32,0
1786741200,34.00,34.03,33.92,33.94,223,32,0
1786744800,33.94,33.98,33.89,33.96,178,32,0
1786982400,34.24,34.43,34.23,34.35,294,32,0
1786986000,34.35,34.49,34.30,34.48,371,32,0
1786989600,34.48,34.67,34.43,34.65,330,32,0
1786993200,34.65,34.66,34.56,34.60,228,32,0
1786996800,34.60,34.78,34.52,34.72,333,32,0
1787000400,34.72,34.88,34.70,34.78,259,32,0
1787004000,34.78,34.78,34.70,34.72,151,32,0
1787068800,34.56,34.70,34.56,34.65,264,32,0
1787072400,34.65,35.13,34.65,34.94,514,32,0
1787076000,34.94,35.04,34.89,35.02,343,32,0
1787079600,35.02,35.04,34.92,35.01,199,32,0
1787083200,35.01,35.01,34.91,34.91,147,32,0
1787086800,34.91,35.00,34.90,34.97,139,32,0
1787090400,34.97,34.98,34.90,34.90,116,32,0
1787155200,35.10,35.22,34.98,35.10,447,32,0
1787158800,35.11,35.64,35.10,35.61,633,32,0
1787162400,35.61,37.65,35.59,37.04,1384,32,0
1787166000,37.04,37.26,36.97,37.00,793,32,0
1787169600,36.99,37.02,36.64,36.85,671,32,0
1787173200,36.85,37.00,36.76,36.96,471,32,0
1787176800,36.96,37.01,36.78,36.97,462,32,0
1787241600,38.87,38.87,38.44,38.72,676,32,0
1787245200,38.73,38.89,38.56,38.80,1061,32,0
1787248800,38.80,39.35,38.79,39.15,1155,32,0
1787252400,39.16,39.39,39.01,39.36,749,32,0
1787256000,39.37,39.43,39.21,39.31,739,32,0
1787259600,39.31,39.35,39.12,39.15,610,32,0
1787263200,39.15,39.34,39.09,39.27,438,32,0
1787328000,41.66,42.01,41.21,41.78,828,32,0
1787331600,41.77,41.88,41.39,41.85,1242,32,0
1787335200,41.84,42.11,41.72,41.75,950,32,0
1787338800,41.75,41.93,41.51,41.89,865,32,0
1787342400,41.90,42.02,41.73,41.85,734,32,0
1787346000,41.85,41.92,41.43,41.69,680,32,0
1787349600,41.69,41.82,41.55,41.64,585,32,0
1787587200,42.69,42.73,42.10,42.48,817,32,0
1787590800,42.49,43.17,42.48,42.98,1375,32,0
1787594400,42.98,43.25,42.62,42.76,1303,32,0
1787598000,42.76,43.17,42.65,42.74,978,32,0
1787601600,42.74,42.82,42.43,42.58,1139,32,0
1787605200,42.58,42.77,42.57,42.68,868,32,0
1787608800,42.68,42.78,42.49,42.57,741,32,0
1787673600,42.51,42.85,42.22,42.52,780,32,0
1787677200,42.52,42.93,42.45,42.84,1180,32,0
1787680800,42.85,43.01,42.73,42.99,925,32,0
1787684400,42.99,43.02,42.74,42.80,749,32,0
1787688000,42.80,42.86,42.58,42.84,644,32,0
1787691600,42.84,42.90,42.74,42.77,508,32,0
1787695200,42.78,42.83,42.56,42.67,536,32,0
1787760000,42.18,42.47,42.18,42.42,549,32,0
1787763600,42.42,42.51,42.04,42.05,875,32,0
1787767200,42.05,42.27,41.96,42.19,770,32,0
1787770800,42.19,42.27,42.10,42.17,637,32,0
1787774400,42.17,42.51,42.16,42.41,565,32,0
1787778000,42.42,42.53,42.33,42.43,463,32,0
1787781600,42.43,42.49,42.33,42.42,441,32,0
1787846400,42.89,43.03,42.65,43.01,601,32,0
1787850000,43.01,43.49,42.90,43.37,1054,32,0
1787853600,43.37,43.70,43.31,43.43,1013,32,0
1787857200,43.44,43.60,43.36,43.47,701,32,0
1787860800,43.47,43.72,43.39,43.50,692,32,0
1787864400,43.50,43.51,43.13,43.35,705,32,0
1787868000,43.35,43.43,43.23,43.23,443,32,0
1787932800,42.82,43.01,42.73,42.91,524,32,0
1787936400,42.88,43.10,42.41,43.01,1351,32,0
1787940000,43.03,43.19,42.34,42.35,950,32,0
1787943600,42.34,42.39,41.56,42.05,1245,32,0
1787947200,42.05,42.22,41.98,42.11,787,32,0
1787950800,42.11,42.13,41.76,41.91,661,32,0
1787954400,41.92,42.04,41.81,41.91,486,32,0
1788192000,42.17,42.30,41.99,42.07,641,32,0
1788195600,42.07,42.53,42.00,42.46,1043,32,0
1788199200,42.47,42.58,42.27,42.48,861,32,0
1788202800,42.48,42.63,42.45,42.51,688,32,0
1788206400,42.51,42.71,42.44,42.65,596,32,0
1788210000,42.65,42.83,42.59,42.72,531,32,0
1788213600,42.72,42.86,42.63,42.65,445,32,0
1788278400,42.07,42.27,41.87,42.19,612,32,0
1788282000,42.20,42.39,42.18,42.24,806,32,0
1788285600,42.24,42.24,42.03,42.10,410,32,0
1788289200,42.10,42.13,41.77,41.92,744,32,0
1788292800,41.92,42.00,41.74,41.75,580,32,0
1788296400,41.75,41.78,41.29,41.68,764,32,0
1788300000,41.68,41.86,41.66,41.77,526,32,0
1788364800,41.52,41.85,41.38,41.69,571,32,0
1788368400,41.67,41.87,41.60,41.64,833,32,0
1788372000,41.63,41.83,41.45,41.76,826,32,0
1788375600,41.76,41.92,41.70,41.70,617,32,0
1788379200,41.70,41.83,41.58,41.82,597,32,0
1788382800,41.82,41.90,41.76,41.82,471,32,0
1788386400,41.82,41.84,41.67,41.79,408,32,0
1788451200,42.40,42.71,42.39,42.62,518,32,0
1788454800,42.62,43.58,42.53,43.57,1114,32,0
1788458400,43.57,44.01,43.46,44.00,1121,32,0
1788462000,44.00,44.01,43.60,43.79,917,32,0
1788465600,43.79,43.92,43.75,43.83,645,32,0
1788469200,43.83,43.99,43.75,43.94,537,32,0
1788472800,43.94,44.24,43.90,44.21,674,32,0
1788537600,42.87,43.08,42.69,42.90,668,32,0
1788541200,42.90,43.01,42.50,42.65,1026,32,0
1788544800,42.65,43.03,42.59,42.95,607,32,0
1788548400,42.95,43.20,42.92,43.12,597,32,0
1788552000,43.12,43.13,42.92,42.96,532,32,0
1788555600,42.96,43.08,42.96,43.05,377,32,0
1788559200,43.05,43.17,43.05,43.17,326,32,0
1788883200,42.31,42.34,41.94,42.12,570,32,0
1788886800,42.12,42.49,42.06,42.46,720,32,0
1788890400,42.46,42.66,42.39,42.65,550,32,0
1788894000,42.65,42.69,42.46,42.55,458,32,0
1788897600,42.55,42.64,42.42,42.42,391,32,0
1788901200,42.42,42.60,42.30,42.40,421,32,0
1788904800,42.40,42.45,42.33,42.40,451,32,0
1788969600,43.03,43.07,42.74,42.76,523,32,0
1788973200,42.76,42.93,42.62,42.67,894,32,0
1788976800,42.67,42.90,42.17,42.47,1044,32,0
1788980400,42.47,42.64,42.40,42.59,532,32,0
1788984000,42.58,42.66,42.53,42.58,434,32,0
1788987600,42.58,42.59,42.37,42.38,346,32,0
1788991200,42.38,42.47,42.23,42.28,456,32,0
1789056000,41.55,41.74,41.46,41.70,526,32,0
1789059600,41.70,41.85,41.57,41.84,741,32,0
1789063200,41.84,41.84,41.65,41.74,542,32,0
1789066800,41.74,41.78,41.48,41.71,396,32,0
1789070400,41.71,41.90,41.66,41.78,507,32,0
1789074000,41.77,41.79,41.58,41.74,445,32,0
1789077600,41.74,41.76,41.63,41.67,394,32,0
1789142400,41.87,42.87,41.73,42.84,792,32,0
1789146000,42.84,43.16,42.43,42.59,1229,32,0
1789149600,42.59,42.61,41.80,42.01,869,32,0
1789153200,42.01,42.20,41.83,42.11,889,32,0
1789156800,42.11,42.14,41.87,41.89,497,32,0
1789160400,41.89,41.90,41.54,41.64,728,32,0
1789164000,41.64,41.82,41.61,41.79,466,32,0
1789401600,42.07,42.41,42.06,42.24,604,32,0
1789405200,42.24,42.53,42.24,42.44,916,32,0
1789408800,42.44,42.53,42.31,42.46,787,32,0
1789412400,42.46,42.65,42.38,42.57,609,32,0
1789416000,42.57,42.72,42.54,42.68,471,32,0
1789419600,42.68,42.89,42.62,42.82,622,32,0
1789423200,42.82,42.84,42.68,42.69,456,32,0
1789488000,41.55,41.55,41.11,41.38,604,32,0
1789491600,41.39,41.43,40.82,41.01,1052,32,0
1789495200,41.00,41.38,40.95,41.32,823,32,0
1789498800,41.32,41.36,41.18,41.25,481,32,0
1789502400,41.25,41.77,41.14,41.57,716,32,0
1789506000,41.56,41.68,40.47,41.03,1340,32,0
1789509600,41.03,41.21,40.93,41.11,1016,32,0
1789574400,40.90,41.00,40.80,40.83,458,32,0
1789578000,40.84,40.94,40.71,40.87,752,32,0
1789581600,40.88,41.02,40.79,40.92,707,32,0
1789585200,40.92,40.98,40.84,40.91,539,32,0
1789588800,40.91,40.97,40.68,40.90,572,32,0
1789592400,40.67,41.33,40.51,40.82,1645,32,0
1789596000,40.83,41.12,40.61,41.07,1059,32,0
1789660800,41.27,41.42,41.02,41.42,540,32,0
1789664400,41.41,41.61,41.23,41.29,931,32,0
1789668000,41.29,41.51,41.16,41.45,744,32,0
1789671600,41.45,41.48,41.31,41.45,543,32,0
1789675200,41.45,41.56,41.34,41.40,479,32,0
1789678800,41.40,41.46,41.28,41.34,359,32,0
1789682400,41.34,41.41,41.30,41.36,341,32,0
1789747200,42.21,43.49,42.20,43.26,489,32,0
1789750800,43.39,43.79,43.30,43.77,1112,32,0
1789754400,43.77,43.87,43.54,43.65,960,32,0
1789758000,43.65,43.95,43.62,43.73,837,32,0
1789761600,43.73,43.81,43.57,43.81,645,32,0
1789765200,43.81,43.89,43.69,43.77,592,32,0
1789768800,43.78,44.04,43.76,43.92,659,32,0
1790006400,45.91,46.41,45.83,46.20,700,32,0
1790010000,46.20,46.58,45.97,46.43,1166,32,0
1790013600,46.43,46.71,46.41,46.49,965,32,0
1790017200,46.49,46.59,46.31,46.51,799,32,0
1790020800,46.51,46.58,46.34,46.46,733,32,0
1790024400,46.46,46.56,46.42,46.55,535,32,0
1790028000,46.56,47.00,46.50,46.80,697,32,0
1790092800,46.34,46.71,46.27,46.69,599,32,0
1790096400,46.69,46.76,46.22,46.65,1080,32,0
1790100000,46.66,46.91,46.58,46.74,811,32,0
1790103600,46.74,46.83,46.54,46.75,759,32,0
1790107200,46.76,46.87,46.65,46.83,641,32,0
1790110800,46.83,46.87,46.64,46.77,615,32,0
1790114400,46.77,46.84,46.59,46.63,581,32,0
